{
  "id": "3449268",
  "name": "public",
  "font_family": "iconfont",
  "css_prefix_text": "icon-",
  "description": "",
  "glyphs": [
    {
      "icon_id": "2076339",
      "name": "时间",
      "font_class": "shijian",
      "unicode": "e8a9",
      "unicode_decimal": 59561
    },
    {
      "icon_id": "859480",
      "name": "返回",
      "font_class": "fanhui1",
      "unicode": "e6c1",
      "unicode_decimal": 59073
    },
    {
      "icon_id": "30178389",
      "name": "会员",
      "font_class": "huiyuan",
      "unicode": "100da",
      "unicode_decimal": 65754
    },
    {
      "icon_id": "77821",
      "name": "返回5",
      "font_class": "fanhui5",
      "unicode": "e631",
      "unicode_decimal": 58929
    },
    {
      "icon_id": "30198055",
      "name": "项目报备",
      "font_class": "a-Group427318885",
      "unicode": "e630",
      "unicode_decimal": 58928
    },
    {
      "icon_id": "20000260",
      "name": "搜索",
      "font_class": "sousuo",
      "unicode": "e62f",
      "unicode_decimal": 58927
    },
    {
      "icon_id": "21156",
      "name": "点击",
      "font_class": "dianji",
      "unicode": "e623",
      "unicode_decimal": 58915
    },
    {
      "icon_id": "108775",
      "name": "流量",
      "font_class": "liuliang",
      "unicode": "e624",
      "unicode_decimal": 58916
    },
    {
      "icon_id": "108776",
      "name": "删除",
      "font_class": "shanchu1",
      "unicode": "e625",
      "unicode_decimal": 58917
    },
    {
      "icon_id": "108916",
      "name": "日历",
      "font_class": "rili",
      "unicode": "e626",
      "unicode_decimal": 58918
    },
    {
      "icon_id": "110429",
      "name": "设置",
      "font_class": "shezhi1",
      "unicode": "e627",
      "unicode_decimal": 58919
    },
    {
      "icon_id": "145155",
      "name": "雪",
      "font_class": "xue",
      "unicode": "e628",
      "unicode_decimal": 58920
    },
    {
      "icon_id": "275645",
      "name": "设计规范",
      "font_class": "shejiguifan",
      "unicode": "e629",
      "unicode_decimal": 58921
    },
    {
      "icon_id": "624530",
      "name": "购物车",
      "font_class": "gouwuche",
      "unicode": "e63f",
      "unicode_decimal": 58943
    },
    {
      "icon_id": "2570061",
      "name": "心",
      "font_class": "xin",
      "unicode": "e62a",
      "unicode_decimal": 58922
    },
    {
      "icon_id": "4244933",
      "name": "047-左箭头",
      "font_class": "-zuojiantou",
      "unicode": "e62b",
      "unicode_decimal": 58923
    },
    {
      "icon_id": "4244934",
      "name": "048-右箭头",
      "font_class": "-youjiantou",
      "unicode": "e62c",
      "unicode_decimal": 58924
    },
    {
      "icon_id": "5305686",
      "name": "x",
      "font_class": "x",
      "unicode": "e73e",
      "unicode_decimal": 59198
    },
    {
      "icon_id": "6529906",
      "name": "热卖",
      "font_class": "remai",
      "unicode": "e709",
      "unicode_decimal": 59145
    },
    {
      "icon_id": "10232750",
      "name": "分类",
      "font_class": "fenlei",
      "unicode": "e78a",
      "unicode_decimal": 59274
    },
    {
      "icon_id": "15779822",
      "name": "月亮",
      "font_class": "yueliang",
      "unicode": "e70f",
      "unicode_decimal": 59151
    },
    {
      "icon_id": "15779825",
      "name": "太阳",
      "font_class": "taiyang",
      "unicode": "e714",
      "unicode_decimal": 59156
    },
    {
      "icon_id": "20000257",
      "name": "首页",
      "font_class": "shouye1",
      "unicode": "e62d",
      "unicode_decimal": 58925
    },
    {
      "icon_id": "23476251",
      "name": "心",
      "font_class": "xin1",
      "unicode": "e62e",
      "unicode_decimal": 58926
    },
    {
      "icon_id": "1101",
      "name": "植物",
      "font_class": "zhiwu",
      "unicode": "e600",
      "unicode_decimal": 58880
    },
    {
      "icon_id": "1174",
      "name": "用研",
      "font_class": "yongyan",
      "unicode": "e601",
      "unicode_decimal": 58881
    },
    {
      "icon_id": "1199",
      "name": "跟踪目标设置",
      "font_class": "genzongmubiaoshezhi",
      "unicode": "e602",
      "unicode_decimal": 58882
    },
    {
      "icon_id": "1202",
      "name": "排序",
      "font_class": "paixu",
      "unicode": "e603",
      "unicode_decimal": 58883
    },
    {
      "icon_id": "1203",
      "name": "向左",
      "font_class": "xiangzuo",
      "unicode": "e604",
      "unicode_decimal": 58884
    },
    {
      "icon_id": "1204",
      "name": "向上",
      "font_class": "xiangshang",
      "unicode": "e605",
      "unicode_decimal": 58885
    },
    {
      "icon_id": "1205",
      "name": "向右",
      "font_class": "xiangyou",
      "unicode": "e606",
      "unicode_decimal": 58886
    },
    {
      "icon_id": "1207",
      "name": "可爱的",
      "font_class": "keaide",
      "unicode": "e607",
      "unicode_decimal": 58887
    },
    {
      "icon_id": "1208",
      "name": "标签",
      "font_class": "biaoqian",
      "unicode": "e608",
      "unicode_decimal": 58888
    },
    {
      "icon_id": "1211",
      "name": "云下载",
      "font_class": "yunxiazai",
      "unicode": "e609",
      "unicode_decimal": 58889
    },
    {
      "icon_id": "1225",
      "name": "惊呆",
      "font_class": "jingdai",
      "unicode": "e60a",
      "unicode_decimal": 58890
    },
    {
      "icon_id": "1228",
      "name": "首页",
      "font_class": "shouye",
      "unicode": "e60b",
      "unicode_decimal": 58891
    },
    {
      "icon_id": "1230",
      "name": "用户",
      "font_class": "yonghu",
      "unicode": "e60c",
      "unicode_decimal": 58892
    },
    {
      "icon_id": "1235",
      "name": "对话",
      "font_class": "duihua",
      "unicode": "e60d",
      "unicode_decimal": 58893
    },
    {
      "icon_id": "1238",
      "name": "店铺",
      "font_class": "dianpu",
      "unicode": "e60e",
      "unicode_decimal": 58894
    },
    {
      "icon_id": "1240",
      "name": "图片",
      "font_class": "tupian",
      "unicode": "e60f",
      "unicode_decimal": 58895
    },
    {
      "icon_id": "1241",
      "name": "邮件",
      "font_class": "youjian",
      "unicode": "e610",
      "unicode_decimal": 58896
    },
    {
      "icon_id": "1243",
      "name": "撤销",
      "font_class": "chexiao",
      "unicode": "e611",
      "unicode_decimal": 58897
    },
    {
      "icon_id": "1247",
      "name": "设置",
      "font_class": "shezhi",
      "unicode": "e612",
      "unicode_decimal": 58898
    },
    {
      "icon_id": "1248",
      "name": "删除",
      "font_class": "shanchu",
      "unicode": "e613",
      "unicode_decimal": 58899
    },
    {
      "icon_id": "1250",
      "name": "其它",
      "font_class": "qita",
      "unicode": "e614",
      "unicode_decimal": 58900
    },
    {
      "icon_id": "1253",
      "name": "收藏",
      "font_class": "shoucang",
      "unicode": "e615",
      "unicode_decimal": 58901
    },
    {
      "icon_id": "1254",
      "name": "喜爱",
      "font_class": "xiai",
      "unicode": "e616",
      "unicode_decimal": 58902
    },
    {
      "icon_id": "1310",
      "name": "皇冠",
      "font_class": "huangguan",
      "unicode": "e617",
      "unicode_decimal": 58903
    },
    {
      "icon_id": "1339",
      "name": "微距",
      "font_class": "weiju",
      "unicode": "e618",
      "unicode_decimal": 58904
    },
    {
      "icon_id": "1340",
      "name": "远景",
      "font_class": "yuanjing",
      "unicode": "e619",
      "unicode_decimal": 58905
    },
    {
      "icon_id": "1412",
      "name": "树",
      "font_class": "shu",
      "unicode": "e61a",
      "unicode_decimal": 58906
    },
    {
      "icon_id": "1447",
      "name": "多云",
      "font_class": "duoyun",
      "unicode": "e61b",
      "unicode_decimal": 58907
    },
    {
      "icon_id": "1454",
      "name": "浓云",
      "font_class": "nongyun",
      "unicode": "e61c",
      "unicode_decimal": 58908
    },
    {
      "icon_id": "1457",
      "name": "烈日",
      "font_class": "lieri",
      "unicode": "e61d",
      "unicode_decimal": 58909
    },
    {
      "icon_id": "4393",
      "name": "收藏",
      "font_class": "shoucang1",
      "unicode": "e61e",
      "unicode_decimal": 58910
    },
    {
      "icon_id": "7418",
      "name": "返回",
      "font_class": "fanhui",
      "unicode": "e61f",
      "unicode_decimal": 58911
    },
    {
      "icon_id": "14727",
      "name": "社区",
      "font_class": "shequ",
      "unicode": "e620",
      "unicode_decimal": 58912
    },
    {
      "icon_id": "14732",
      "name": "向下",
      "font_class": "xiangxia",
      "unicode": "e621",
      "unicode_decimal": 58913
    },
    {
      "icon_id": "14733",
      "name": "向上",
      "font_class": "xiangshang1",
      "unicode": "e622",
      "unicode_decimal": 58914
    }
  ]
}
